{
    "targets": [
        "water",
		"wobbled_water",
        "translucent",
        "itemEntity",
        "particles",
        "clouds",
        "weather",
        "final",
		"lightness",
		"blured_light",
		"k_text",
		"contrast"
    ],
    "passes": [
        {
            "name": "transparency",
            "intarget": "minecraft:main",
            "outtarget": "final",
            "auxtargets": [
                {
                    "name": "DiffuseDepthSampler",
                    "id": "minecraft:main:depth"
                },
                {
                    "name": "TranslucentSampler",
                    "id": "translucent"
                },
                {
                    "name": "TranslucentDepthSampler",
                    "id": "translucent:depth"
                },
                {
                    "name": "ItemEntitySampler",
                    "id": "itemEntity"
                },
                {
                    "name": "ItemEntityDepthSampler",
                    "id": "itemEntity:depth"
                },
                {
                    "name": "ParticlesSampler",
                    "id": "particles"
                },
                {
                    "name": "ParticlesDepthSampler",
                    "id": "particles:depth"
                },
                {
                    "name": "CloudsSampler",
                    "id": "clouds"
                },
                {
                    "name": "CloudsDepthSampler",
                    "id": "clouds:depth"
                },
                {
                    "name": "WeatherSampler",
                    "id": "weather"
                },
                {
                    "name": "WeatherDepthSampler",
                    "id": "weather:depth"
                }
            ]
        },
        {
            "name": "k_count",
            "intarget": "final",
            "outtarget": "k_text"
		},
        {
            "name": "gamma",
            "intarget": "k_text",
            "outtarget": "final"
		},
        {
            "name": "contrast",
            "intarget": "final",
            "outtarget": "contrast"
		},
        {
            "name": "light",
            "intarget": "contrast",
            "outtarget": "lightness"
		},
        {
            "name": "blur",
            "intarget": "lightness",
            "outtarget": "blured_light",
            "uniforms": [
                {
                    "name": "BlurDir",
                    "values": [ 1.0, 0.0 ]
                },
                {
                    "name": "Radius",
                    "values": [ 30.0 ]
                }
            ]
		},
        {
            "name": "blur",
            "intarget": "blured_light",
            "outtarget": "lightness",
            "uniforms": [
                {
                    "name": "BlurDir",
                    "values": [ 0.0, 1.0 ]
                },
                {
                    "name": "Radius",
                    "values": [ 30.0 ]
                }
            ]
		},
        {
            "name": "adder",
            "intarget": "k_text",
            "outtarget": "final",
			"auxtargets":
			[
				{
                    "name": "LightSampler",
                    "id": "lightness"
                },
				{
                    "name": "ContrastSampler",
                    "id": "contrast"
                }
			]
		},
		{
            "name": "blit",
            "intarget": "final",
            "outtarget": "minecraft:main"
		}

    ]
}
